author_name,title,description,hourly_rate,prices_in_dollar,review_count,overall_rating,comments,author_location,author_job_success_rate,author_bio,whats_included
Dhanushka A.,"You will get replica, design, redesign, or duplicate Shopify store with custom coding","Hi, I‚Äôm Dhanushka a Certified Shopify Expert. If you want to replica, design, redesign, or duplicate the Shopify store with custom coding, then you are in the right place. I build awesome, unique, professional Shopify Websites, and Shopify Dropshipping Stores. My Services include Setup Shopify Store, Clone/Copy/Duplicate any other layout, Fully automated dropshipping store, SEO Optimization, and much more. I will ensure for you a neat and clean source code, complete source file, SEO Friendly, 100% secure, and Mobile Responsive.",$150,"[150, 350, 650]",148,4.8,"['Dhanushka is fantastic. We needed to make a huge spreadsheet! he was able to get a lot done within 10 hours!!!! 100% will use her in the future again!!!!', 'Fulfilled job as requested.', 'Thank you for finding emails and names of business reporters.']","Kithulgala, Sri Lanka",100.0,"With over a decade of experience across diverse industries, I specialize in lead generation, data entry, and LinkedIn Sales Navigator solutions, helping businesses identify and connect with their ideal prospects.","| Service Tiers    | Starter $150       | Standard $350       | Advanced $650       |
|------------------|---------------------|----------------------|---------------------|
| Delivery Time     | 5 days              | 7 days               | 10 days             |
| Number of Revisions| Unlimited          | Unlimited            | Unlimited           |
| Number of Pages   | 5                   | 7                    | 10                  |
| Number of Products| 10                  | 50                   | 100                 |
| Number of Plugins/Extensions Installed| 5 | 7 | 10 |
| Design Customization| Yes               | Yes                  | Yes                 |
| Responsive Design| Yes                  | Yes                  | Yes                 |
| Content Upload| Yes                    | Yes                  | Yes                 |
| Payment Gateway Setup| Yes              | Yes                  | Yes                 |"
Junaid A.,"PSD, Sketch, Figma to Custom Shopify Theme Development","You will get a full custom Shopify theme development from your design files like PSD, Sketch, or Figma. The service includes unlimited revisions, delivery of multiple pages, product addition, and installation of plugins.",$150,[150],120,4.9,"['Another excellent experience with Junaid.', 'He was so knowledgeable and easy to work with. His communication was top notch.', 'It was great working with Junaid! He instantly understood what was needed and got the job done perfectly!']","Rawalpindi, Pakistan",100.0,Top Rated | 12+ years of experience in Shopify & WordPress development,"| Feature                          | Details                           |
|----------------------------------|-----------------------------------|
| Delivery Time                    | 3 days                          |
| Number of Revisions              | Unlimited                       |
| Number of Pages                  | 2 pages                         |
| Number of Products               | 5 products                      |
| Number of Plugins Installed       | 5 plugins                       |
| Design Customization             | Customized color scheme/layout   |
| Responsive Design                | Design fits multiple devices      |
| Content Upload                   | Content uploaded to the site     |
| Payment Gateway Setup            | Payment processing enabled        |"
Moses T.,MailChimp landing page | Mailerlite automation | Convertkit campaign,"Do you need a Mailchimp Expert or Mailwizz to put up a Mailchimp email marketing, Mailchimp Template, mailing Lists, Mailchimp Wordpress integration, Mailchimp Automation Campaign for your email marketing, email design, email Template, Email lists, Email lists Building, Email campaign? If that's the case, I'm here to assist you. I can build up any Mailchimp campaign and create a professional Mailchimp template for you. I can also use Mailchimp to activate the Mailchimp Automation Email Campaign from your store or website. 

I can help you with:
- Automation campaign
- Audience, group, segment creation
- Responsive email template design
- Ecommerce email series setup
- Signup or subscription form design
- Popup form design and setup
- Landing page design
- RSS Feed campaign setup
- RSS Feed email template design
- Ad campaign setup
- Merge tag and audience tagging
- Wordpress, Woocommerce, Shopify integration

Contact me now and let me get started immediately. we could also schedule a meeting to further discuss your needs.",$50,"[50, 100, 150]",39,4.4,"['A job well done, highly recommended and will hire again', 'Your work on the Contact Lists and the Campaign revamp is truly amazing. Thanks a lot Moses!', ""That's crazy bro beat around the price and then charge me $80 for a subpar email.""]","Lagos Island, Nigeria",59.0,"Are you experiencing poor results in your Marketing activities and looking for an Email Marketing Specialist with excellent experience? Search no further, I'm available and can hop on video calls.  
üèÜ My Services üèÜ  
‚úîÔ∏è CRM Accounts Setup  
‚úîÔ∏è Branded Campaigns  
‚úîÔ∏è Graphic design  
‚úîÔ∏è Social Media Post  
‚úîÔ∏è Landing page design  
‚úîÔ∏è A/B testing and optimization  
‚úîÔ∏è Branded Template & Newsletter design  
‚úîÔ∏è Workflow / Automation setup (Welcome Email, Abandon Cart, Order Confirmation)  
‚úîÔ∏è 100% Email Deliverability  
‚úîÔ∏è Email Marketing Strategy  
‚úîÔ∏è Contacts Upload, Scrubbing & Segmentation  
‚úîÔ∏è Signup forms  

üèÜ Tools üèÜ  
‚úîÔ∏è Mailchimp  
‚úîÔ∏è HubSpot  
‚úîÔ∏è Klaviyo  
‚úîÔ∏è Brevo  
‚úîÔ∏è Go High Level  
‚úîÔ∏è Zoho  
‚úîÔ∏è Active Campaign  
‚úîÔ∏è MailerLite  
‚úîÔ∏è ConstantContact  
‚úîÔ∏è Canva  

I am happy you know your brand deserves visually appealing and responsive contents that effectively communicate your product's value and captivate audiences. Beyond design, I bring experience creating compelling content, precise audience segmentation, Email flows, Lead generation, and tracking metrics to continuously optimize campaign performance this helps drive meaningful engagement and conversions.","| Service Tiers | Starter $50 | Standard $100 | Advanced $150 |
|----------------------|--------------------|--------------------|--------------------|
| Delivery Time        | 2 days             | 3 days             | 1 day              |
| Number of Email Sends | 10000           | 2000               | 3000               |
| Number of Recipients  | 1000             | 2000               | 3000               |
| Analytics Report      | -                  | -                  |                    |
| Audience Segmentation  | -                  | -                  |                    |
| Customer Lifecycle Messaging | -          | -                  |                    |"
Md Mamunur Rashid S.,"You will get Shopify Experts, Shopify Developer, Shopify designer, eCommerce Experts","Dear Upwork Community, Are you looking for a professional Shopify developer or Shopify expert to build your Shopify store? Yes, you landed on the right place; I'll help you to design your Shopify store or Shopify website based on your requirements or business plan. Contact me any time for a free consultation. What I Offer:-‚úÖ Shopify Store setup ‚úÖ Shopify Theme Development‚úÖ Shopify Theme customization‚úÖ Adding custom functionality to the store‚úÖ Apps setups and configuration ‚úÖ Fixing bugs and issues from your store‚úÖ Adding trust badges in your store‚úÖ Skip Shopify Cart page‚úÖ Custom Font integration‚úÖ Custom slider on any page‚úÖ Custom Home page or product page template‚úÖ Adding a new section in existing themes. Why would you hire me?‚úÖ After Sale Support‚úÖ 24/7 Fast & Friendly Communication‚úÖ Unlimited Revisions Until Satisfied‚úÖ Highly Professional Service at a Fair Price. I am passionate about being a valuable part of your success story, focusing on long-term growth rather than just a simple task. Let‚Äôs collaborate and create impactful results together!",$99-$399,"[99, 299, 399]",6,5.0,"['Excellent communication. Really appreciated working with you on this.', 'Great job! Everything completed as promised.', 'Super responsive and quick turnaround.', 'Excellent Work', 'Would love to work with him again in next projects.']","Brahmanbaria, Bangladesh",100.0,"Hello Upwork Community,I've worked with a Freelancing-based reputed company in the last 8 years under the agency profile. Now, I'm seeking a part-time or full-time, or long-term job on this platform. During my corporate career, I have worked with a few thousand international clients over the world. I have my patients work under pressure and am quite determined & honest about doing the work in a sophisticated way to complete the job successfully. I am passionate about being a valuable part of your success story, focusing on long-term growth rather than just a simple task. Let‚Äôs collaborate and create impactful results together!","| Service Tiers  | Starter  $99 | Standard  $299 | Advanced  $399  |
|----------------|---------------------|---------------------|---------------------|
| Delivery Time   | 3 days                | 5 days                  | 7 days                |
| Number of Revisions | Unlimited         | Unlimited         | Unlimited         |
| Number of Pages | 5                   | 10                  | 15                  |
| Number of Products | 1                  | 10                  | 20                  |
| Design Customization | Yes               | Yes               | Yes               |
| Responsive Design | Yes                | Yes               | Yes               |
| Content Upload | Yes                  | Yes               | Yes               |
| Payment Gateway Setup | Yes              | Yes               | Yes               |"
Jane Doe,Professional Web Development,Offering high-quality web development services to create responsive and user-friendly websites tailored to your needs.,$50,"[500, 1000, 1500]",120,4.8,"['Great experience! Highly recommend.', 'Very professional and delivered on time.', 'The website looks amazing!']","New York, USA",95.0,Web developer with over 5 years of experience specializing in front-end technologies and user experience design.,"| Service | Description |
| --------| ----------- |
| Initial Consultation | Discuss project requirements and goals |
| Responsive Design | Ensure the website works well on all devices |
| Full Website Development | Build the website based on your specifications |
| SEO Optimization | Basic SEO to help with search rankings |
| Support & Maintenance | Ongoing support for your website post-launch |"
Faisal A.,Wordpress Website from Top Wordpress Designer Expert,"Need a WordPress developer who truly understands what makes a website work? You've found the right person! I specialize in WordPress, offering web development that's tailored to your needs‚Äîwhether you're looking for a sleek business website or a fully functional online store with WooCommerce. As a WordPress expert, I don‚Äôt just build websites; I create experiences. I blend web design and development to ensure your site looks great and feels intuitive for visitors. From front-end work with HTML and CSS to full-stack capabilities with JavaScript and PHP, I‚Äôve got the technical skills to bring your vision to life. Need a custom Shopify template or unique graphic design? I handle that, too!",Not specified,"[80, 120, 220]",27,4.9,"['Faisal did a wonderful job and was very responsive to make corrections as needed.', 'Had a great experience working with Faisal, he was responsive and followed requirements/instructions as needed.', 'Faisal is excellent at understanding what needs to be accomplished and working in an iterative fashion towards the goal.']","Karachi, Pakistan",100.0,"With 14+ Years of experience in Wordpress Designing, Wordpress Development and Wordpress Theme customization, I deliver tailored solutions that drive results. I provide comprehensive, high-quality solutions to meet your business needs.","| **Service Tiers** |  Starter  $80 |  Standard  $120 |  Advanced  $220  |
|----------------|---------|---------|---------|
| Delivery Time   | 3 days   | 5 days   | 8 days   |
| Number of Revisions | 3 | 5 | 8 |
| Number of Pages | 5 | 7 | 10 |
| Number of Plugins/Extensions Installed | 4 | 6 | 10 |
| Design Customization | Yes | Yes | Yes |
| Content Upload | Yes | Yes | Yes |
| Responsive Design | Yes | Yes | Yes |
| Ecommerce Functionality | No | Yes | Yes |"
Eunice Monice A.,"Shopify Landing Page with Gamepage, Zipify, Pagefly, Replo and Shogun","Looking for a landing page that turns visitors into loyal customers? You‚Äôre in the right place! With over 8 years of experience in designing Shopify landing pages, I specialize in creating layouts that not only look stunning but drive results.

What I Offer:
‚úîÔ∏è Conversion-Focused Landing Page Design
‚úîÔ∏è Expert use of Shopify page builder apps: Shogun, PageFly, GemPages, Zipify
‚úîÔ∏è Liquid Template Customization
‚úîÔ∏è Subscription App Integration
‚úîÔ∏è Review App Customization

With my expertise, your landing page will be optimized for maximum conversions. Don‚Äôt just take my word for it‚Äîcheck out the glowing reviews from my clients on my profile. Let‚Äôs build a landing page that delivers real results!",$100,"[100, 250, 400]",8,4.9,"['Eunice Monice took my Shopify store to the next level!', 'Working with Eunice Monice has been a game-changer for my Shopify dropshipping store!', 'Monice is amazing, a great listener, and very knowledgeable.']","Lagos, Nigeria",100.0,Shopify Expert & Designer For Jewelry Brand. Highly Skilled E-commerce Expert & Freelancer with 100% Job Success Score.,"| Service Tiers | Starter | Standard | Advanced |
|---------------|--------|----------|---------|
| Delivery Time | 1 day | 3 days   | 5 days  |
| Number of Revisions | Unlimited | Unlimited | Unlimited |
| Number of Pages | 3 | 3 | 4 |
| Design Customization | - | - | - |
| Responsive Design | - | - | - |
| Content Upload | - | - | - |
| Payment Gateway Setup | - | - | - |"
Omoyele S.,Ecommerce Email Marketing Flows in Klaviyo or Klaviyo Shopify Sales Funnel,"Let's Setup Powerful E-Commerce Email Flows in Klaviyo! Hello friend, my name is Omoyele, founder of BRIGHT TEMPLATE and can help you set up e-commerce sales funnels in Klaviyo. I have helped e-commerce brands get started with email marketing and generate revenue from it through powerful email flows and campaigns. I have been doing email marketing for almost 10 years now and am also a Klaviyo Partner. I can help your store grow by: 1 - Setting up email flows/automation in Klaviyo to nurture and convert leads 2 - Creating beautiful pop-ups that capture leads 3 - Segmenting your subscriber list. I will set up the following flows for you: 1 - Abandoned Cart (To recover lost sales), 2 - Browse Abandonment Flow (To engage interested prospects), 3 - Setup Welcome Series (To nurture and convert new leads), 4 - Customer Appreciation Flow (To thank customers and build a better relationship), 5 - Win-back Flows (To win-back lapsed customers), 6 - Post Purchase Flow (To increase customer lifetime value or CLV). Again, I appreciate your being here! Simply send me a message and we will get started!",$35,"[35, 130, 250]",33,4.7,"['I love the website Omoyele designed for me, very neat and aesthetic. The website also looks great on mobile phones which is what I was really looking for. I highly recommend him, he is very fast, polite and communicates fluently.', 'Omoyele did a good job following directions but had to be asked to make corrections to his images that were obviously wrong.', 'Very professional contact and super friendly. Amazing skills and knowledge on how to create and promote website and campaigns.']","Osogbo, Nigeria",100.0,"Top-Rated Social Media Manager | Content Strategist | Expert in Facebook & Instagram Ads. My name is Omoyele Sheriffdeen and I am the founder of YELE STUDIO PRO. I'm a certified Social Media Manager and Content Creator with over 20,000+ hours of proven success on Upwork. I specialize in helping businesses grow their online presence through strategic planning, organic growth, and paid campaigns. My Expertise Includes: Instagram account management, content creation, TikTok video editing, and much more.","| Service Tiers | Starter $35 | Standard $130 | Advanced $250  |
|----------------------|-----------------|------------------|----------------|
| Delivery Time        | 2 days          | 3 days           | 4 days         |
| Number of Email Templates | 2          | 6                | 8              |
| Number of Email Sends | 2               | 6                | 8              |
| Number of Trigger Emails Setup | 2     | 6                | 8              |
| Number of Revisions | 1                | 3                | 5              |
| Analytics & Tracking Setup | Yes         | Yes               | Yes            |
| Subscriber Form Setup | Yes           | Yes               | Yes            |"
Simeon O.,"Hubspot Automation, Hubspot CRM, Hubspot landing page, Email Template","If you‚Äôre struggling to manage campaigns, set up workflows, integrate third-party tools, or configure your CRM, I can help. With extensive experience in HubSpot, I‚Äôve helped businesses streamline operations, improve customer engagement, and drive results. 

#### Here‚Äôs what I‚Äôll deliver in this project:
üëâ Campaign Management: Plan, execute, and optimize HubSpot email and marketing campaigns to boost performance.
üëâ Pipelines, Workflows & Automations: Set up and refine automation sequences for efficient lead nurturing and sales management.
üëâ 3rd-Party Integrations: Connect HubSpot with tools like Shopify, Salesforce, and others for a unified platform.
üëâ CRM Configurations: Customize and optimize your HubSpot CRM for better tracking, reporting, and customer management.
üëâ CMS Website Creation: Design and build a HubSpot CMS website tailored to your business needs. 

From marketing automation to CRM optimization, I ensure your HubSpot setup works for you, not against you. 
HubSpot is the key to scaling your business‚Äîdon‚Äôt wait to harness its full potential.",$50,"[50, 150, 300]",25,4.4,"['Great communicator and fast turnaround on work product, will consider for future projects.', 'Bringing Simeon onboard was a pivotal decision. His expertise and communication skills are unparalleled.', 'Working with Simeon was a game-changer for our email campaign.', 'Simeon is a Klaviyo marketing virtuoso.', 'This project was to set up an email campaign, but there were multiple missed deadlines.']","Lagos, Nigeria",76.0,To say EXCELLENT is not enough to describe my experience with Simeon. He is one of a kind. No wonder his already existing success. Very open to input. To anyone thinking of putting a project together and getting way more than expected. Simeon is the person to hire. His collaboration to my project has been unparalleled. Thank You,"| Service Tiers | Starter ($50) | Standard ($150) | Advanced ($300) |
|---------------|----------------|------------------|------------------|
| Delivery Time | 2 days         | 4 days           | 6 days           |
| Number of Revisions | 0          | 0                | 0                |
| Account Settings Review | Yes       | Yes              | Yes              |
| Campaign Optimization | Yes       | Yes              | Yes              |
| Subscriber Form Setup | Yes       | Yes              | Yes              |
| Customer Lifecycle Messaging | - | Yes              | Yes              | 
| Marketing Action Plan | -          | Yes              | Yes              |"
Marjib Chiran,"Figma To Shopify Conversion Using Pagefly, Replo, Gempages, Shogun, Zipify","I will convert Figma Design To Shopify Using Pagefly, Replo, Gempages, Shogun, Zipify. This service includes custom codes if needed (HTML, CSS, JS & Shopify Liquid), product implementation, and setting all functions according to Figma Design. The tools I use include Pagefly, Gempages, Shogun, Zipify, and Replo. I also assist in Shopify product uploads, logo/image background removal, and GIF creation. My services include building a complete high-converting Shopify store, theme customization, and ongoing support.",$50.00,"[100, 200, 500]",57,4.9,"['Top guy, recommend', 'Another successful project with Marjib. I will continue to use him for various things - extremely helpful and hardworking', 'He works hard and fast and extremely accurately. Wish I had more work for him!', 'Marjib works quickly and well. He is coachable and works very hard.']","Madhupur, Bangladesh",86.0,"Marjib is a Shopify Website Design specialist with proven expertise in creating high-converting Shopify store designs. He specializes in utilizing industry-leading Shopify page builders such as Pagefly, Shogun, Gempages, Replo, and Zipify to develop responsive and visually appealing landing pages that enhance sales and drive engagement.","| Service Tiers | Starter | Standard | Advanced |
|---------------|--------|----------|----------|
| Delivery Time | 2 days | 4 days | 7 days |
| Number of Revisions | 3 | 4 | 4 |
| Number of Pages | 1 | 1 | 1 |
| Number of Products | 1 | 2 | 3 |
| Number of Plugins/Extensions Installed | 5 | 7 | 10 |"
Komal I.,"You will get Shopify Custom Coding, Shopify Store Designer, Shopify Expert Developer","5+ years experienced Shopify Website Developer; Fluent English; Quick response and communications. I am a Shopify expert and I will create a theme from scratch, customize your existing theme and implement or fix the issues in your Shopify theme. Also, I can set up the full Shopify store for you or can customize and manage your existing store.My Services are:‚úîÔ∏è Shopify Store setup‚úîÔ∏è Shopify Theme customization‚úîÔ∏è Shopify Theme Development‚úîÔ∏è Custom Home page or product page template‚úîÔ∏è Adding a new section to existing themes‚úîÔ∏è Apps setups and configuration‚úîÔ∏è Adding custom functionality to the store‚úîÔ∏è Skip the Shopify Cart page‚úîÔ∏è Custom slider on any page‚úîÔ∏è Custom Font integration‚úîÔ∏è And much more! What‚Äôs more? Additionally, I can also include all of the essential features to make it sales-optimized so that you can easily meet your monthly sales goals. Why choose Me?‚úîÔ∏è On-time delivery‚úîÔ∏è Free 24/7 support‚úîÔ∏è Unlimited revisions‚úîÔ∏è üí∑ back guarantee. Let‚Äôs build your Shopify store!",$149,"[149, 299, 399]",4,5.0,"['Looking lessons on Google ads from expert. Good work, nice results', 'She did a wonderful service. Highly recommended to others, want to work again with her.', 'Nice work done. Highly recommended. She was very professional and passionate.', 'Amazing work done. Really appreciated. I recommended her with core of heart.']","Lahore, Pakistan",100.0,"Certified Google Ads Expert with 7+ years of experience in Google Ads, Google Analytics, and Microsoft Ads. I focus on learning the latest techniques in Google ads to enable successful campaigns for my clients.","| Service Tiers | Starter | Standard | Advanced |
|---|---|---|---|
| Price ($) | 149 | 299 | 399 |
| Delivery Time | 4 days | 6 days | 8 days |
| Number of Revisions | Unlimited | Unlimited | Unlimited |
| Number of Pages | 2 | 5 | 10 |
| Number of Products | 10 | 20 | 50 |
| Number of Plugins/Extensions Installed | 5 | 7 | 10 |
| Responsive Design | Yes | Yes | Yes |
| Payment Gateway Setup | Yes | Yes | Yes |"
Edward C.,Custom Website Programming,"In this Gig, I will build out your Figma & PSD designs and convert them to any Shopify page template or custom theme, optimizing the page/s for mobile. With years of experience building e-commerce stores, I turn visual concepts into fully functional online Shopify stores. I provide professional design services to both small and large businesses worldwide, ensuring satisfaction and quick responses even after project completion.",$70,"[70, 200, 500]",5,5.0,"['Edward was amazing and easy to work with.', 'Thank you!', ""Excellent working with Ed. He's very easy to work with and really helpful. He pays close attention to details and does everything in a timely manner."", 'Eddy completed the work as described and was a delight to work with. He is a wealth of knowledge.', 'You will get any zap automation ai zapier integration expert.']","Loughrea, Ireland",100.0,"Website Design, SEO and CRO Expert | Build Sites That Convert. I help businesses dominate their niche by creating websites that drive sales and lead generation.","| Service Tiers | Starter $70 | Standard $200 | Advanced $500 |
|-----------------|-------------------|-------------------|-------------------|
| Delivery Time | 2 days | 5 days | 7 days |
| Number of Revisions | 3 | 3 | 3 |
| Number of Pages | 1 | 5 | 10 |
| Design Customization | Yes | Yes | Yes |
| Content Upload | Yes | Yes | Yes |
| Responsive Design | Yes | Yes | Yes |
| Source Code | Yes | Yes | Yes |"
Fayyaz A.,You will get Shopify integration with third-party API,"I will integrate your Shopify Store with any third party. I have more than 10+ years of experience in Shopify, providing tailored solutions that elevate your brand and maximize revenue.",$995,[995],230,4.9,"['Communicates well and knows what he‚Äôs doing. Helped me build an app with API integration.', 'Thanks, Fayyaz, for another job well done.']","Lahore, Pakistan",100.0,"Top Rated Plus Freelancer on Upwork with over a decade of experience in Shopify development, API Integration, and Checkout Customization. Passionate about helping businesses achieve their e-commerce goals.","| Feature                     | Description                               |
|-----------------------------|-------------------------------------------|
| Delivery Time               | 7 days                                    |
| Number of Revisions         | Unlimited                                  |"
Muqarrab K.,"Shopify custom theme template, Landing Page, Website Design, UI/UX Designer","Are you seeking a Shopify expert designer to create a highly profitable dropshipping store that drives impressive revenue? Look no further! I am here to help you. As a seasoned Shopify expert with a proven track record of building successful online businesses, I will turn your dreams into reality. With years of experience as a professional Shopify designer, I specialize in UI/UX designing, redesigning, and customizing responsive, visually stunning, high-converting Shopify dropshipping stores. My designs are tailored to your specific business needs, ensuring significant revenue generation. What I Offer: ‚Ä¢ Shopify Store Build and Customization with Premium Theme ‚Ä¢ Shopify Website Development ‚Ä¢ SEO Optimization ‚Ä¢ Responsive Design ‚Ä¢ Payment Gateway ‚Ä¢ Live Chat  Why Choose Me: ‚Ä¢ Visually appealing and user-friendly Shopify store design that reflects your brand and engages your audience. ‚Ä¢ Custom Shopify development to meet your specific needs, from integrating third-party apps to building custom plugins. Make a smart decision today! Place an order and enjoy premium services.",$100,"[100, 450, 800]",14,4.9,"['As usual we had a very smooth and professional collaboration on our project with Muqarrab. He paid attention to details and always provided good feedback and inputs regarding the processes and needed interfaces we where designing. I can warmly recommend him to anyone who is looking for a designer which is fully committed to the work he is doing.', 'Did a great job in designing our marketplace site. Would definitely hire again. Thanks for all your assistance Muqarrab it was a pleasure working with you.']","Abbottabad, Pakistan",100.0,"As a self-taught designer, I've dedicated myself to mastering User Experience and User Interface design out of sheer passion. With over 10,000 hours invested directly into crafting digital products, I firmly believe in the pivotal role of user-centric design. For me, it's not just about the intricacy, but the meticulousness and clarity of the user research that drives the design forward. My approach revolves around not just acquiring design knowledge and user insights, but also synthesizing and interpreting them to uncover clear design drivers for concept development. Every decision I make is anchored in a deep understanding of both the business goals and the needs of the customer.","**Service Tiers**|  Starter  $100 |  Standard  $450 |  Advanced  $800   
---|---|---|---  
Delivery Time|  3 days |  7 days |  9 days   
Number of Revisions| Unlimited| Unlimited| Unlimited  
Source Files| -| -  
**Optional add-ons** You can add these on the next page. 
Fast Delivery  
**+$50 - $400**  
Additional Page  (**+ 3 Days**) 
**+$90**"
Muhammad M.,"You will get Shopify website | Shopify Store from PSD, Figma, Xd Design Template","I'll develop a professional Shopify website that meets your business needs, featuring a responsive design, easy navigation, and customizable theme. If you have a design, I will transform it into a functional website. Why choose me? ‚Ä¢ 5+ years of Shopify development experience ‚Ä¢ Proven track record of delivering high-quality Shopify websites ‚Ä¢ Excellent communication and customer service skills. Lets connect and build your website!",$599,"[599, 1199, 1999]",62,4.8,"['Muhammad did a fantastic job a true master of his craft, very honest man. 10/10', 'Great job! I will definitely reach out for future projects.', 'Excellent work, very responsive. Would hire again.']","Mechanicsburg, United States",100.0,100% Job Success. The Job Success Score reflects a combination of factors.,"**Service Tiers**|  Starter  $599 |  Standard  $1,199 |  Advanced  $1,999   
---|---|---|---  
Delivery Time|  4 days |  8 days |  15 days   
Number of Revisions| 1| 3| 4  
Number of Pages| 4| 6| 10   
Number of Products| 10| 20| 40   
Number of Plugins/Extensions Installed| 2| 2| 2   
Design Customization| -| -| -   
Responsive Design| -| -| -   
Content Upload| -| -| -   
Payment Gateway Setup| -| -| -  
"
Siddiq S.,"Shopify Experts, Shopify Developer, Shopify Designer, Dropshipping Expert","You will get Shopify Experts, Shopify Developer, Shopify designer, Dropshipping Expert. Whether you need a stunning design from scratch, expert customization of existing themes, or help setting up payments, apps, and marketing ‚Äì I'm your one-stop Shopify shop. Forget template blues, let's build a store that reflects your vision and drives your business.

What will you get if you hire me as Shopify Expert:

- Custom Website Development
- Build Shopify, WordPress, and WooCommerce websites tailored to your business goals.
- Create landing pages that convert visitors into customers.
- UI/UX Design: Develop beautiful, responsive websites that offer a smooth user experience across all devices.
- Performance & SEO Optimization: Improve your website's speed and ensure it's optimized for better search engine rankings.

Let's create something amazing!",N/A,"[120, 350, 500]",9,4.9,"['Siddiq is an exceptional developer who created my custom personal branding website which is compatible with WordPress.', 'He was attentive to my specific requirements and took the time to understand my vision.', 'His attention to detail and technical skills were truly impressive, resulting in a website that perfectly reflects my personal brand.', 'Siddiq demonstrated remarkable patience and a genuine commitment to ensuring my complete satisfaction.']","Karachi, Pakistan",100.0,"Greetings, I‚Äôm Siddiq Sethi! I‚Äôm a Shopify Developer, WordPress Developer, and e-commerce expert with over 7 years of experience.","**Service Tiers**|  Starter  $120 |  Standard  $350 |  Advanced  $500   
---|---|---|---  
Delivery Time|  4 days |  6 days |  12 days   
Number of Revisions| Unlimited| Unlimited| Unlimited  
Number of Pages| 1| 5| 10  
Number of Products| 2| 20| 50  
Number of Plugins/Extensions Installed| 3| 5| 8"
Sumaiya A.,"Shopify Developer with Theme Customization, Pagefly, Shogun or Zipify","Hello There, ""Thank You for considering my service"" I am a certified Shopify ecommerce website developer and working as a Shopify expert from last 2+ years. I have experience on Shopify page builders like Pagefly, Shogun, Zipify, GemPages etc. I have capabilities to build a professional and unique ecommerce website design using the Shopify platform. My services include but are not limited to:
- Fully responsive Shopify store design
- Shopify paid and free theme customization
- Landing page design using pagefly, shogun, zipify, gempages etc.
- Shopify Apps integration
- Social media integration
- Template design using liquid coding  and much more...",$150,"[150, 350, 550]",10,4.6,"[""Sumaiya did a great job at communicating roadblocks and hurdles we needed to solve. She created a custom banner that functioned great and we'll definitely get a longer-term contract with her."", 'Shopify expert']","Dhaka, Bangladesh",82.0,"I'm Sumaiya Ahmed, a graduate in Computer Science and Engineering. I'm a web developer and Shopify Expert known for being punctual, dedicated, and enthusiastic about my work. I am a certified Shopify expert with over 4 years of experience in Shopify store design and development.","| Service Tiers | Starter $150 | Standard $350 | Advanced $550 |
|---|---|---|---|
| Delivery Time | 3 days | 7 days | 10 days |
| Number of Revisions | 1 | 2 | 3 |
| Number of Pages | 3 | 4 | 5 |
| Number of Products | 10 | 15 | 20 |
| Number of Plugins/Extensions Installed | 1 | 2 | 4 |"
Solomon A.,Email Marketing Automation | Increase Profit with Personalized Emails,"Welcome! If you‚Äôre struggling to manage campaigns, set up workflows, integrate third-party tools, or configure your CRM, I can help. With extensive experience in HubSpot, I‚Äôve helped businesses streamline operations, improve customer engagement, and drive results. Here‚Äôs what I‚Äôll deliver in this project:
üëâ Campaign Management: Plan, execute, and optimize HubSpot email and marketing campaigns to boost performance.
üëâ Pipelines, Workflows & Automations: Set up and refine automation sequences for efficient lead nurturing and sales management.
üëâ 3rd-Party Integrations: Connect HubSpot with tools like Shopify, Salesforce, and others for a unified platform.
üëâ CRM Configurations: Customize and optimize your HubSpot CRM for better tracking, reporting, and customer management.
üëâ CMS Website Creation: Design and build a HubSpot CMS website tailored to your business needs.
From marketing automation to CRM optimization, I ensure your HubSpot setup works for you, not against you. HubSpot is the key to scaling your business‚Äîdon‚Äôt wait to harness its full potential. Message me now, and let‚Äôs get started on transforming your operations!",$50,"[50, 150, 300]",38,4.9,"['Solomon is a very obliging individual and happy to go the extra mile to achieve the required outcome.', 'Excellent work and a pleasure to work with. Very knowledgeable and smart with HubSpot and Klaviyo.']","Ile-Ife, Nigeria",100.0,"Beyond technical jargons, you deserve emails that produce results. With me, that is exactly what you're going to get, not a waste of time. Regardless of your business model, I know you're very much interested in having an email system that can keep your brand top-of-mind with your target audience, reduce your cost of customer/client acquisition, generate repeat sales and make you more money.","| Service Tiers | Starter  $50 | Standard  $150 | Advanced  $300 |
| --- | --- | --- | --- |
| Delivery Time | 2 days | 4 days | 6 days |
| Number of Revisions | 0 | 0 | 0 |
| Account Settings Review | - | - | - |
| Analytics & Tracking Setup | - | - | - |
| Campaign Optimization | ‚úî | ‚úî | ‚úî |
| Customer Lifecycle Messaging | - | ‚úî | ‚úî |
| Marketing Action Plan | - | ‚úî | ‚úî |
| Marketing Analytics Report | - | ‚úî | ‚úî |
| Subscriber Form Setup | ‚úî | ‚úî | ‚úî |"
Khevana Patel,You will get responsive shopify website | Customize application | Template customization,"If you are looking for a shopify developer to build the responsive and high conversion rated shopify website, shopify customize application, Theme designing and customization. Then you are at the right place. ‚û§If you will hire me then you will get:-Set up store-Theme customization-Store building (from scratch to design)-Sales performance and customer experience optimization-Sales growth hacking-App integration‚û§I will provide you shopify store with: - Facebook Shop integration - HTML 5 | CSS 3 | Liquid - Custom Product build where user can create product via choosing from available option and add to cart - Currency converter based on Geo-location - 360-degree product view - Bundle product - Multiple filters - Grouped product image - Multi-language translator- Lazy loading- Product color swatches. ‚û§I have developed shopify stores for GYM, sunglasses shop, coffee shop, cup shop, Medical shop, and E-book.",$399,"[399, 1499, 1999]",36,4.8,"['Great work with the conversion everything went really well.', 'Always attentive, looking for what I best for your project!', 'Excellent service, highly recommend!']","Amalsad, India",100.0,"I'm Khevana Patel, a Top-Rated Vue.js Developer with over 7 years of experience in crafting high-performance, scalable, and visually stunning web applications. My passion lies in delivering innovative solutions that enhance user experiences and align seamlessly with client objectives.","| Service Tiers | Starter   | Standard | Advanced   |
|----------------|-----------|-----------|---------------|
| Delivery Time   | 15 days   | 30 days   | 55 days      |
| Number of Revisions   | 3         | 5         | Unlimited    |
| Design Customization    | Yes           | Yes         | Yes      |"
M Amir B.,You will get shopify expert developer to migrate woocommerce store into shopify store,"I successfully migrated a WooCommerce store to Shopify, enhancing functionality and user experience. Here's a brief overview of the process: Backup & Preparation: Created a full backup of the WordPress site. Set up a subdomain for testing to ensure a smooth transition. Shopify Setup: Created a Shopify account and customized a template to match the original store‚Äôs design and functionality. Data Migration: Imported products, customers, and orders from WooCommerce to Shopify using CSV files, ensuring accuracy in all data. Integrations & Customizations: Email Marketing: Integrated tools for customer engagement and automated review requests. Facebook Pixel: Implemented for enhanced ad targeting and performance tracking. Custom Checkout: Developed a streamlined checkout process to improve user experience. Shipping Rates: Configured accurate shipping rates and zones. Payment Gateway: Integrated secure payment options. Testing & Launch Conducted testing to ensure all features function correctly and optimized for mobile and desktop. Launched the Shopify store with minimal downtime and provided training for ongoing management.",$150,"[150, 990, 1500]",5,4.4,"['Thanks to Amir for his great work!', 'Very Good Service! Highly Recommended.', 'He helped with import customer database in Excel to WooCommerce.']","Lahore, Pakistan",71.0,"Full stack WordPress Developer with 7 years of experience in WordPress development including WooCommerce, ACF, SQL, and Elementor.","| Service Tiers | Starter | Standard | Advanced |
|---|---|---|---|
| Delivery Time | 2 days | 10 days | 20 days |
| Number of Revisions | 1 | 7 | Unlimited |
| Number of Pages | 2 | 10 | 30 |
| Number of Products | 20 | 200 | 800 |
| Number of Plugins/Extensions Installed | 5 | 10 | 15 |"
Rashmi I.,You will get a professionally designed and customized Shopify eCommerce website,"Stand out from your competitors with a professionally designed and developed Shopify store. I will build a Shopify store tailored to your business needs. I will help you choose the right template, most accurate design, and user experience to convert your visitors into customers. I'm a professional Shopify and eCommerce developer and I can create the perfect eCommerce store for you with Shopify. I‚Äôve been designing and developing a large number of high-converting Shopify websites for my customers for 5+ years now. Start your journey to the eCommerce world with the best Shopify Expert and make your store Successful!",$100-$245,"[100, 145, 245]",12,5.0,"[""I can't say enough how wonderful Rashmi was. I had a lot of requests and he was very patient and accommodating. I can't thank him enough. Safe to say I definitely hire him again for future project(s)."", 'Very good work did in a timely manner, excellent experience.', 'This is my second time working with Rashmi. He goes above and beyond and delivers the project in a timely manner. I would definitely work with him again.']","Adelaide, Australia",100.0,I'm an expert Wordpress and Shopify developer with five years of experience in web development. Strong background in developing all kinds of websites and applications for small to big clients. I will help you transform your personal or business concept into a successful WordPress or Shopify based website.,"| Service Tiers | Starter $100 | Standard $145 | Advanced $245 |
| --- | --- | --- | --- |
| Delivery Time | 6 days | 8 days | 10 days |
| Number of Revisions | 4 | 6 | 8 |
| Number of Pages | 2 | 4 | 8 |
| Number of Products | 5 | 10 | 15 |
| Number of Plugins/Extensions Installed | 3 | 6 | 9 |
| Design Customization | Included | Included | Included |
| Responsive Design | Included | Included | Included |
| Content Upload | Included | Included | Included |
| Payment Gateway Setup | Included | Included | Included |"
John Doe,Professional Web Developer,"I am a professional web developer with over 5 years of experience in delivering high-quality websites and applications. My expertise ranges from front-end design to back-end development, ensuring a full stack of services to meet your business needs.",$50,"[500, 1000, 1500]",120,4.8,"['Great work!', 'Delivered on time and exceeded expectations.', 'Highly recommend this developer!']","New York, USA",95.0,A passionate web developer with a keen eye for design and development. I specialize in creating responsive and user-friendly websites with a focus on performance.,"| Service          | Description                           |
|------------------|---------------------------------------|
| Consultation      | Initial assessment and project overview |
| Development       | Complete development of the website    |
| Revisions         | Up to 3 revisions included             |
| Support           | 1 month of post-launch support        |"
John Doe,Professional Web Development Services,"I specialize in building high-quality websites that are user-friendly, visually appealing, and optimized for performance. My services cater to various industries, and I strive to meet the unique needs of each client.",$50,"[500, 1000, 1500]",120,4.8,"['Excellent work and communication.', 'Very satisfied with the results!', 'Would highly recommend.']","New York, USA",96.0,I am a web developer with over 5 years of experience in creating websites and web applications. My goal is to help businesses succeed online by providing tailored solutions.,"| Feature | Description |
|---------|-------------|
| Custom Design | Tailored website design to match your brand |
| Responsive Layout | Mobile-friendly designs that adapt to all screen sizes |
| SEO Optimization | Basic on-page SEO to enhance visibility on search engines |
| CMS Setup | Installation and configuration of content management systems |
| Support | 1 month of post-launch support included |"
John Doe,Professional Graphic Design Services,"Offering high-quality graphic design services tailored to meet your business needs. I specialize in logo design, branding, and promotional materials. My goal is to help you visually communicate your ideas and stand out in a crowded market.",$30,"[100, 250, 500]",150,4.8,"['Great work, very satisfied!', 'Highly recommended!', 'Delivered on time and exceeded expectations.']","New York, USA",95.0,I am a passionate graphic designer with over 7 years of experience in the industry. I have worked with various clients from startups to established brands.,"| Service         | Details                   |
|-----------------|---------------------------|
| Logo Design     | Custom logo design        |
| Branding Guide  | Comprehensive branding guide|
| Revisions       | Up to 3 revisions included|
| Delivery Format | JPG, PNG, and SVG         |"
